/ https://compile.blog/ 301
/high-performing-digital-contents/ https://compile.blog/high-performing-digital-contents/ 301
/pcloud-review/ https://compile.blog/pcloud-review/ 301
/learn-blogging/ https://compile.blog/blogging/ 301
/guest-post-email-subject-lines/ https://compile.blog/guest-post-email-subject-lines/ 301
/visme-review/ https://compile.blog/visme-review/ 301
/pocket-app-review/ https://compile.blog/pocket-app-review/ 301
/cf7-data-to-google-sheets/ https://compile.blog/cf7-data-to-google-sheets/ 301
/millennials-and-social-media/ https://compile.blog/ 301
/guest-post-email-templates/ https://compile.blog/guest-post-email-template/ 301
/proficonf-review/ https://compile.blog/proficonf-review/ 301
/wordpress-faqs/ https://compile.blog/wordpress-faqs-2/ 301
/free-keyword-tools/ https://compile.blog/free-keyword-tools/ 301
/blog-topics-research/ https://compile.blog/blog-topics-research/ 301
/secure-your-web-browser/ https://compile.blog/secure-your-web-browser/ 301
/blog-posts-copywriting-secrets/ https://compile.blog/blog-posts-copywriting-secrets/ 301


